Year,Forecasted Bond Yield (%)
2024,8.476950092774853
2025,8.433525250243163
2026,8.390634992406486
2027,8.348279319264826
2028,8.306458230818182
2029,8.265171727066551
2030,8.224419808009937
2031,8.184202473648341
2032,8.144519723981759
2033,8.105371559010191
2034,8.06675797873364
2035,8.028678983152105
2036,7.991134572265584
2037,7.954124746074079
2038,7.91764950457759
2039,7.8817088477761175
2040,7.84630277566966
2041,7.811431288258217
2042,7.7770943855417904
2043,7.743292067520379
2044,7.710024334193983
2045,7.677291185562604
2046,7.64509262162624
2047,7.613428642384891
2048,7.582299247838558
2049,7.55170443798724
2050,7.521644212830938
2051,7.492118572369652
2052,7.463127516603381
2053,7.434671045532125
2054,7.406749159155886
2055,7.379361857474661
2056,7.352509140488453
2057,7.32619100819726
2058,7.3004074606010825
2059,7.275158497699921
2060,7.250444119493775
2061,7.226264325982644
2062,7.202619117166529
2063,7.17950849304543
2064,7.156932453619346
2065,7.134890998888277
